,lon,lat
103,127.00195831945982,37.5706563141699
104,126.99785440116592,37.57011292480243
141,127.01299580288246,37.56062635919605
159,126.98252501394049,37.56800836032237
160,126.98149001206018,37.567951490033934
245,127.00239962010896,37.56562412220585
256,126.98912743852867,37.55953020769664
263,126.98348987595195,37.56710397439229
264,126.98314282564118,37.566905255103315
265,126.9829219461619,37.56691004669671
279,126.98462265220226,37.56734649869735
280,126.98453813162001,37.566577804784025
294,126.98383333775766,37.56683162999874
309,126.98531706609177,37.56673077186814
387,126.97141634560332,37.56731861084746
388,126.97137218795497,37.5673823394064
465,126.98571039773,37.567394235746704
604,127.0127797061315,37.555316984952086
605,127.01224503821582,37.5551601282364
623,127.01257902567578,37.554754621817736
624,127.01272345151646,37.55478663668888
625,127.01388919151152,37.55458293297279
626,127.01435057560248,37.5546281654127
627,127.01479002647757,37.554770997174515
628,127.0146439322965,37.5549094609042
629,127.01487547724692,37.55511625068244
736,126.97840611947039,37.57164774511454
796,126.97747912767618,37.571629449029444
1048,127.0048507207799,37.56708106887925
1049,127.01261408185701,37.55603993479995
1117,126.96988193078839,37.56948738932162
1119,126.9834858471249,37.56014388142585
1120,126.98353103392566,37.560247462024144
1127,126.98368824294698,37.55969360683714
1232,127.01871093512214,37.57150656467475
1233,127.0186154465271,37.571516770033526
1245,127.01851050568565,37.57172592821953
1246,127.01844052706896,37.57177565008342
1247,127.01847480658984,37.57186646122135
1248,127.01820144498987,37.57226755010217
1249,127.01816419488611,37.57244340941407
1250,127.0180255313191,37.57251443042881
1331,126.98334364982738,37.560806470979735
1332,126.98186517758441,37.5611654116341
1336,126.96340081373741,37.55565977602827
1338,127.01430792568041,37.56139191905295
1363,126.98848416294565,37.56722496528687
1366,126.98896662265214,37.56761857555339
1399,127.02191520050692,37.56561534301321
1400,127.02242700350308,37.56582146758403
1401,127.02226930915596,37.56578718367072
1414,126.98258196281233,37.558807057158255
1436,126.98146840851209,37.558512092871204
1443,127.00314418119957,37.56419979941775
1444,127.00271146437008,37.5642099920347
1461,127.02080730127886,37.5609454883462
1462,127.02069464296201,37.560871901476425
1463,127.02058294857176,37.56117365044781
1464,127.02140014108211,37.561918241531956
1466,127.02296508010718,37.56129869641168
1467,127.02288517135439,37.56134124984578
1468,127.02091059179018,37.56147473531029
1469,127.02168225031,37.56140530184486
1470,127.02177154060229,37.56144454409376
1654,126.99599792878249,37.557434166783736
1732,127.01598349149437,37.5682070646229
1743,126.97828044711734,37.564780628194974
1745,126.97814157506933,37.56434976465599
1746,126.97847400607237,37.563903930244976
1747,126.97852710702564,37.563772636480934
1831,126.99852824164292,37.566405535410034
1863,126.96853260282853,37.56204994433379
1864,127.02342670770057,37.567368423408446
1886,126.98320306608392,37.57108967022695
1904,126.96971154446075,37.56790217497418
1905,126.97088061934002,37.569264306236654
1937,126.98069662188254,37.569248264695354
1938,126.98126676459624,37.568296401267666
1948,126.99777016813758,37.562775857668576
1949,126.97915491331429,37.56813409918792
1950,126.98175482901065,37.56047635332347
1967,126.98194145581017,37.560003590078544
1971,126.97570213415071,37.56944905341219
1980,126.97164886603943,37.55963443694485
1981,126.97388702626665,37.55996831350843
1984,126.98876277705317,37.56126111672024
1995,126.97500247720932,37.571631258639826
2007,126.98168928319784,37.56060954193163
2008,126.98080225360266,37.56080538532326
2125,127.00851741372918,37.56779399309211
2138,126.98296640219539,37.558929425691915
2139,126.9832755288415,37.55905893010317
2140,126.98363677660865,37.55962020204552
2211,126.98439535561394,37.5666836960314
2377,126.97680979415135,37.557474143726395
2387,126.97935288970228,37.55914397128191
2388,126.97875326981388,37.5588210967056
2389,126.97653012209831,37.55707171321486
2409,127.00255774846887,37.55314585299136
2411,127.0040598534611,37.56655886219417
2412,127.0048829378258,37.56641760117007
2413,127.0059043605693,37.566242917087635
2414,127.00629153017125,37.56460431495039
2415,127.00549704666038,37.56475612664448
2419,127.00454748179641,37.56484597416055
2420,127.00406796499674,37.5648080111395
2481,126.98856630710537,37.570070804148
2493,126.98879816458411,37.57055035115453
2518,126.99103481256259,37.560918853415
2519,126.99140727170814,37.56121359446548
2520,126.99152120351144,37.56093888401397
2521,126.9916073344173,37.561232392830455
2522,126.99221686287744,37.561226515841064
2783,126.96620328813815,37.55849977188055
2819,126.98598485609065,37.561070092358726
2990,126.97462831823053,37.571632200820716
2991,126.97417374738352,37.571572103690485
2992,126.97486237494226,37.57147835290883
2993,126.97930849607435,37.571457304428606
3005,126.97493764339771,37.57087219509511
3041,126.99267874401322,37.56516041411821
3042,126.99247205634722,37.56692212643295
3067,126.96941606112458,37.568170061859625
3171,126.97481184086583,37.57184025208971
3172,126.97643255859889,37.571630341795284
3173,126.97387265628215,37.571683185974564
3174,126.970086869837,37.569183406897324
3175,126.99370634548943,37.56867066662759
3176,126.97615271692813,37.56264549933983
3177,126.97163052839717,37.56222916551075
3178,126.97471222491123,37.562210209174985
3179,126.97514816147917,37.56213283675249
3180,126.97496533681597,37.56208851483844
3181,127.00817481354657,37.56881769891097
3182,126.98744705002689,37.56465147003477
3183,126.99250180131891,37.568532125691
3184,126.99225765973065,37.56851684351256
3185,126.98157056368554,37.562028534507974
3186,126.9746464910516,37.56199645273746
3187,126.97199229229439,37.561815519497806
3188,126.97906969132869,37.561379151991076
3189,127.00721435871353,37.56811931580211
3190,126.98958342309149,37.56839827449247
3191,126.99050948000712,37.56466470167653
3192,126.98875298274343,37.56463303484295
3193,126.99085311160867,37.568049735999544
3194,126.97431757082063,37.56931875147304
3195,126.97609231072175,37.5690001632405
3196,126.97424206337158,37.568722182168536
3197,126.97373480468966,37.56115317541644
3198,126.97931707491455,37.561150270110744
3199,126.97756055633575,37.5610889052969
3200,126.97824706634756,37.560954551801366
3201,126.97701312263668,37.55617606614073
3202,127.01061914507135,37.56751989651506
3203,126.99808725600931,37.567356475181015
3204,126.9979734150798,37.56724876458016
3205,126.98955950208617,37.56720673479628
3206,126.98801609436964,37.56458923750897
3207,126.97916657865363,37.56862226256176
3208,126.97409054815822,37.56849159379197
3209,126.98205679560063,37.56808209752386
3210,126.97274861440714,37.559816947896906
3211,126.97129296417012,37.559777661470804
3212,126.9810238505772,37.55953436768892
3213,127.00454535757669,37.56678448863895
3214,126.98961264932989,37.56677418789676
3215,126.98975245195463,37.56677581400362
3216,126.99222099445166,37.56447039366678
3217,126.99310720142012,37.56438357807494
3218,126.99273883300367,37.564369454500486
3219,126.97735077812406,37.568034848945906
3220,126.98210142925213,37.56795647394474
3221,126.97420893611823,37.559435655803256
3223,126.99553900206827,37.566519264432735
3229,126.99174241194844,37.56446238477293
3231,126.96977014295994,37.567636776092385
3232,126.96998699058415,37.56734712325952
3233,126.97921739483193,37.56705679251262
3234,126.97918436052916,37.55938827396495
3235,126.99811769728937,37.568771842148976
3236,126.99785107279817,37.56869949059597
3237,126.99634738608187,37.56848501475039
3238,126.98898337302583,37.56789575896777
3241,126.98369549870868,37.56852793841872
3242,126.98252621900305,37.56873551982381
3249,126.99379718963768,37.57066941720939
3250,126.9702130508289,37.56710878675305
3252,126.97930661074065,37.56693912040879
3254,126.96397070124164,37.559213414901464
3255,126.97881486609322,37.55916316422033
3256,126.96405292278132,37.559189914890666
3257,126.96392956436874,37.55910794727632
3259,127.00226150356232,37.56947491649868
3260,127.00009522298046,37.56909150913435
3262,126.99610363693468,37.56851537172246
3264,126.98783717341581,37.567860147706924
3266,126.98296910285218,37.56867654080658
3267,126.982124615676,37.56872855198879
3274,127.0161120067677,37.569674860202994
3275,127.01003239057931,37.5696136158734
3278,126.97934746073294,37.57048346788314
3279,126.97503222081035,37.57041139394957
3280,126.995327975671,37.57041147028622
3281,126.97908447942183,37.56698109176732
3282,126.97058333120889,37.56677450909778
3283,126.96519988545224,37.558990414759464
3284,126.96501747078175,37.55894438382495
3285,126.97603012482958,37.55893898699038
3286,126.97819366059902,37.55874140222286
3287,126.97190108486956,37.558492873719445
3288,126.97199182230737,37.55823668740695
3289,126.97807296508094,37.5581512883968
3293,127.00601805466363,37.56645569980871
3295,126.99486086840172,37.5703744833806
3296,126.98107697432278,37.570377137989574
3297,126.97099681999596,37.56663799504334
3298,126.97104528049127,37.5665525058077
3299,126.9715105860265,37.56633897736434
3301,126.97208306717495,37.56605235037209
3302,126.9669180850279,37.558099508738636
3303,126.97311143232035,37.558059597550375
3304,126.96716718566746,37.55802106823244
3305,126.97731643223985,37.55765800853623
3306,126.97623372389837,37.55755479089475
3307,126.96809634990457,37.55755836220988
3308,126.97953158269245,37.570204808178126
3311,126.97291805767202,37.5655433384064
3312,126.97350789059593,37.565373672835776
3313,126.97324499557284,37.56533171554382
3314,126.973147009797,37.56524866833826
3315,126.97321675268982,37.56515586833496
3316,126.97369359387278,37.56509071113059
3318,126.9774883703886,37.56465365586468
3320,126.9856856704126,37.57033308081563
3321,126.97196230809082,37.57028689826459
3323,126.98947965033385,37.57011200164196
3324,126.98400029800035,37.57007535104186
3329,126.97846521837712,37.5700388964652
3330,126.98446178211097,37.57003843775901
3331,126.98693064714669,37.57003842869255
3339,126.97871808036749,37.564507181340694
3340,126.9782184383501,37.56449407194463
3343,126.97643139589053,37.55702792581614
3344,126.9755216174157,37.556916134117635
3345,126.97436346061177,37.55682643849282
3346,126.99199436618922,37.566451935287276
3347,126.9908979398806,37.566394958905455
3348,126.9744575787347,37.56999965385707
3349,126.97931785029667,37.570013938019244
3350,126.97812726853611,37.56442710688619
3352,126.98178054000395,37.5637666802226
3353,126.9745789142739,37.556612617946016
3354,126.98973746464922,37.56638946825502
3355,126.9985701966818,37.563036952313865
3356,127.01502924241736,37.561172595787816
3357,126.99357987341773,37.566319125890764
3358,126.98842567226946,37.56630203769492
3359,127.01473443800379,37.5606233567675
3360,126.99202348535536,37.56624060295325
3361,126.97568765847447,37.569928385764975
3362,126.97790357198221,37.56382467755203
3363,126.96881398868926,37.563491859386616
3364,126.99139560986447,37.56621110259416
3365,127.00673008476075,37.566094270942806
3366,126.98977196806413,37.56607957085137
3367,126.98306359361602,37.569544143965274
3368,126.9743561117526,37.56953615879304
3369,126.99227449709068,37.56934448512388
3376,126.992600265277,37.56585981495958
3380,126.99950515441935,37.56134315327259
3381,127.00622451924919,37.56446586367255
3382,127.00606697338854,37.56414023313573
3383,127.00461134352663,37.56381254069393
3384,126.99605022618826,37.557623877545836
3385,127.01564701858231,37.571302538068466
3387,126.98676166917946,37.56115109756998
3388,126.98938029533981,37.56102255774276
3389,126.99046136226603,37.56097007549253
3390,127.00389683897336,37.5636678540663
3391,127.0038423471915,37.56464686314923
3394,126.98832173007258,37.56383263343203
3395,126.99881233946246,37.56103556901193
3397,126.99942779571052,37.560899048778786
3398,126.99344371203166,37.560849275006014
3399,126.99335918908672,37.5605659226194
3411,126.99025363566612,37.5602946133597
3412,126.99612274434381,37.56020737636115
3413,126.99327748343899,37.56015892232837
3414,126.99614404353056,37.56001533042193
3415,127.00303677100948,37.55996173206982
3429,126.98839487566745,37.55966706183916
3430,126.98817445303612,37.559638325135715
3431,127.00271749073741,37.55971219324236
3432,126.988053257839,37.55962322071456
3440,126.98989430392174,37.55979977023042
3441,126.99618591975286,37.55933461432003
3442,127.0065317913828,37.55921317258332
3443,127.00288939729306,37.559083085821165
3444,126.98969811787718,37.55928568031511
3454,126.99813364698839,37.56433713939229
3455,126.99414763603309,37.56433301052678
3456,126.99613621358552,37.55867099659595
3457,126.99604604889859,37.558628885009405
3458,126.99621872441385,37.558609853470465
3459,126.98722520399694,37.55824660495855
3467,126.99261529049708,37.56426932239258
3468,126.99558391029633,37.56418215702323
3469,126.99616284810526,37.55826528508819
3470,127.00754692288604,37.55824898180238
3480,126.98570376825316,37.55670547542839
3481,126.99554687014407,37.556482350102755
3482,126.99560454132391,37.556412115996494
3483,126.99575685956242,37.55562421425972
3490,126.99843973557573,37.56310829926975
3494,126.97970020720096,37.56613901019458
3500,126.99833054090853,37.56296697269821
3501,126.97653085421005,37.564323635785286
3502,126.96851455854598,37.56798516907358
3503,126.97721919667725,37.55791929626544
3511,127.0011718355908,37.56272573293599
3512,126.98903628909194,37.56267781827621
3513,126.9984918529854,37.562530433663035
3514,127.00250199730081,37.56246296825277
3523,126.98908366647373,37.56234242078862
3524,127.00113525907625,37.562229156965735
3527,126.97485433029865,37.56350097337273
3534,127.00659190916852,37.562078312927135
3535,127.00111432066636,37.562055299290904
3536,126.98915022996034,37.561960001718276
3537,126.98875122432734,37.56193026688318
3538,126.99297774040326,37.56269620588642
3541,127.0158880327239,37.57158063741575
3542,127.01558209220926,37.57215528401381
3544,126.98670659952911,37.561698080660165
3545,127.00107964980523,37.561708027735556
3546,127.001175224542,37.56158075338024
3547,126.99604674628755,37.561450184430896
3548,126.99962841028594,37.56143642401082
3549,126.98766427761744,37.56992762564261
3689,127.01407127475564,37.57247516759575
3870,126.99782711250455,37.56900655366789
4043,126.99775397670568,37.571339245062966
4116,126.99537798456328,37.57071553582711
4117,126.99505796834296,37.57055040762787
4157,126.99707534539793,37.57068700715415
4163,126.96617671789808,37.55858112539887
4671,126.99507941849616,37.56661279354801
4754,126.9712727989483,37.569885319444474
4755,126.9705798885357,37.56916893712851
5263,126.98687056501966,37.568382678070925
5282,127.00479642957403,37.567435194226576
5592,126.99497606086169,37.566386988656035
6837,126.97641863116608,37.56191940060859
6838,126.97684783736474,37.56307934436101
7282,126.967995293019,37.557545363295354
8163,127.01800322585055,37.55995305383339
8234,126.99233331410696,37.57047621805213
8302,126.99290929172422,37.565010060801384
8303,126.99535160519991,37.5653301103787
8304,126.9933925628026,37.566526654840025
8305,126.994497820644,37.56658478483434
8306,126.99531804285198,37.56661624035129
8307,126.99518716242439,37.56713672206741
8308,126.99572930848787,37.56663973630125
8309,126.99677241947595,37.56669789081061
8317,126.99401456373775,37.56426307736863
8318,127.01453623248433,37.56130376238731
8319,127.00151309619045,37.566713214250925
8320,127.00009534823974,37.562476541159214
8323,126.98632750310774,37.56081566848944
8409,127.0236620950976,37.560631862686584
8433,126.98345472247586,37.560509081288046
8774,126.97738315975113,37.560751249635416
8793,126.9787901933511,37.563803690583484
8794,126.97774331068362,37.56376240501661
8795,126.9797279761837,37.56588386115392
8796,126.98054812180233,37.565880296646874
8797,126.98154274928143,37.565884350815175
8817,127.0234789671527,37.56584218482231
8828,127.02365556620452,37.565003708043825
8833,127.01557656804894,37.56305957357303
8834,127.01612205467343,37.56409156052734
8835,127.01571710760038,37.56541856258118
8840,127.02386460048928,37.564977359688164
8842,127.00259042708065,37.56340119087205
8866,127.0133247365824,37.56513350988407
8868,127.01601130656978,37.56678116977522
8894,127.0139842412732,37.56020835446284
8901,127.01301760762702,37.55869689044095
8902,127.01478249951046,37.55989693030453
8903,127.01504302143815,37.55804483606551
8904,127.01651459054042,37.55842739281676
8905,127.01667215466206,37.55859111320311
8906,127.01659202019454,37.55856279625607
8920,127.01447173226401,37.56141049934104
8979,127.01021829003028,37.564450742468885
8980,127.01235106790125,37.56503161772294
9188,127.01564832065326,37.56518588132027
9203,127.0090902237748,37.55659637891737
9204,127.00935896913677,37.55618140933802
9205,127.01025374792155,37.55501705942732
9212,127.01005868490678,37.55527235997888
9232,127.01969799650664,37.56556183818336
9233,127.02232011394723,37.56529633159982
9234,127.00635641719069,37.57124045862178
9403,127.01179276234116,37.55311650802191
9404,127.0112704983124,37.55374963964887
9405,127.01158540270296,37.55411016860081
9406,127.01208872663811,37.55491498167758
9421,127.01157121967297,37.55617238572645
9422,127.01168052800713,37.55638607966047
9423,127.01147203058639,37.55652535275063
9424,127.01185906961406,37.5567320360482
9425,127.01206451738875,37.55707466790194
9432,127.01190366059481,37.55729459710109
9433,127.0122696636516,37.55742102420509
9461,127.02200547012615,37.56547166930751
9462,127.02141825184748,37.56547185219708
9463,127.01980116206053,37.56567112580972
9624,127.01243440343784,37.56841885197128
9625,127.0108960645822,37.57158698857398
9626,127.01269946678933,37.57199099577787
9627,127.01249925048839,37.572221188187584
9635,127.01032828745971,37.57174139574748
9636,127.00874790644217,37.57123007917298
9643,127.0089026243427,37.571487392441675
9794,127.01589971429674,37.569553308696314
9811,127.01576617351596,37.56910932950786
9812,127.01373629346297,37.56793485758568
9814,127.00391370499125,37.57119151399261
9815,127.0037815436406,37.57109548250531
9816,127.00389749559706,37.57088645228089
9817,127.00503096457732,37.5709143054869
9890,126.992364324391,37.56859989627757
9902,127.02349105189205,37.572536061964605
9944,126.9997930541227,37.57102299202548
9945,127.00026030916005,37.571051869844574
9946,127.00148475531994,37.571125016931106
9947,126.99797684144907,37.56860327047188
10046,127.02346645267991,37.5729731377116
10106,127.02333446419931,37.569751025013154
10108,127.02335601569757,37.569305555870194
10110,127.02338337102661,37.568601287332655
10278,127.01035161154958,37.56210245655644
10286,127.0104141248958,37.56194470267324
10287,127.01097887055438,37.56122791767452
10288,127.01184788214404,37.560902555848514
10289,127.0128206563525,37.56060692585799
10290,127.01288198038579,37.560523746172365
10291,127.01183367046235,37.55957128658666
10292,127.01188403376747,37.55945046059269
10293,127.01180877596961,37.55940494594622
10302,127.01222182924187,37.5578484390626
10303,127.01267726782903,37.55811027270943
10440,127.01247345738392,37.55777280234394
10450,126.99406059692345,37.56440842633671
10549,127.01295777713331,37.559092189377
10567,127.01229972451435,37.55224807978988
10705,126.999246535014,37.570687638192226
10776,126.99237594332898,37.56854945046141
12257,127.00252680896037,37.56623721122533
12260,127.01726671997996,37.559547002237096
12266,126.9635145790091,37.555685633358486
12275,126.97268417092766,37.570572512659375
12334,127.01352126533263,37.564940336107405
12335,127.01487760530718,37.56509170251604
12336,127.01462446358339,37.56529649598398
12337,127.01785861213415,37.56544582513839
12349,127.0220948541314,37.565341608321795
12395,126.97245605347288,37.56148573555726
12426,127.01374303062272,37.55992798112836
12438,126.9748173901873,37.556670165779025
12439,126.97623961398,37.557264259638636
12453,126.97709743831507,37.55613236161386
12458,127.00185239840184,37.571425236596355
12459,126.97309473017002,37.56181095417646
12460,126.97348460562279,37.561277208194745
12461,126.97312167691099,37.560575205084014
12480,127.01272960754011,37.56679320324462
12580,127.01603721390413,37.56784280864556
12646,127.01958956141328,37.56567216491904
12673,127.01359495031453,37.55777202194492
12674,127.01366455752562,37.55777843238378
12675,127.01460512187698,37.55738594250579
12677,127.01467157515542,37.55740499840512
12687,127.01482331344747,37.557679045180045
12688,127.01446241657987,37.55705916306765
12689,127.01439910581824,37.55704672260354
12690,127.01349133493886,37.55744122226799
12691,127.01339244187686,37.55743041667576
12692,127.01329497334591,37.557113087685266
12733,127.01307626634069,37.556733467645095
12734,127.0130108782249,37.55672357863462
12738,127.01316394297791,37.55708858450629
12782,127.01008518634512,37.55581750264889
12783,127.0103615804816,37.55546192996154
12784,127.00832483897429,37.558170708210575
12797,127.01475493348973,37.56215366472632
12798,127.01580722381419,37.563448884582144
12830,127.01426255714375,37.5567129411183
12925,126.99916660072577,37.566825726817314
12926,126.99930336543136,37.566601831208466
12932,127.00212856088736,37.56631979958359
12934,127.00219606011737,37.56550282019609
12935,127.01422462931416,37.565237287277014
12936,126.995370940792,37.566403286041215
12937,127.01444103058918,37.56014098240981
12938,127.02399339046767,37.56336170561078
12939,127.02376708379171,37.56464935913293
12942,126.97920136127165,37.566895395274905
12954,127.00129515163202,37.56302447005571
12955,127.00181118547754,37.563158500120174
12956,127.0046253623837,37.563524543217554
12957,127.00585563149266,37.563789005187985
12958,126.97919374450656,37.56697117943347
12959,126.97677091652757,37.564849518577134
12963,127.0029516391974,37.561124420857126
12964,127.00711816526912,37.56349616876576
12969,126.98783960916909,37.569922081184004
12970,126.98803088862205,37.56446488896469
12973,127.01045314778834,37.56203368423112
12974,127.01046381882351,37.561668821348405
12975,127.01057502242848,37.56146588863025
12976,127.01181877863183,37.56097139549943
12977,127.01224712690586,37.56084554736799
12978,127.01214620185631,37.56075715540397
12979,127.01266054655999,37.56072077220672
12985,127.01587193183663,37.56416562785757
12988,127.01494096785103,37.561156078719954
12992,126.98774993894038,37.56480358029931
13005,127.00522329197044,37.56471795217605
13034,126.97290852293398,37.56351540738165
13039,126.99820916310388,37.56730715817514
13052,127.00099063257737,37.562167724883295
13089,126.9784417423534,37.558738137288245
13108,127.01241716362726,37.571922318473426
13124,127.00634214355819,37.562189506755146
13126,127.00642250577062,37.561743413355174
13128,127.01385331641545,37.57235491442302
13135,127.00772257858378,37.56792965480431
13288,127.0144205118098,37.55698727440019
13289,127.01548191927715,37.55664897885257
13290,127.01540311493434,37.55661610336221
13291,127.01526904924488,37.55625860128453
13292,127.01523963642337,37.556153280272156
13293,127.01419836107972,37.55669787166979
13294,127.01422875786665,37.556652461521445
13295,127.01399133890885,37.556356055706225
13296,127.01403312641257,37.55629242604344
13297,127.01504078784886,37.55596576916059
13298,127.0139049261461,37.55599689949747
13299,127.01380590381753,37.556001635512985
13300,127.01284332142986,37.556330446912746
13301,127.01278171791154,37.55638513261735
13302,127.0113788491271,37.55583269773478
13311,127.01231968227704,37.55547319814289
13312,127.0123825893314,37.55553418061152
13313,127.01254190759641,37.555403441159875
13328,126.98513105355288,37.56097747903224
13329,126.98534249433101,37.56072889556798
13330,126.98575977526463,37.56075995440245
13331,126.99832238958595,37.56437345491216
13332,126.99832499015584,37.56432746905055
13351,126.97736752279363,37.57041417597315
13353,126.97562293208314,37.55884887810971
13354,126.97555819031204,37.55901616453912
13379,126.97367444093733,37.55989848969259
13391,126.97466761657213,37.560443257977866
13399,126.97480612917931,37.56064492609392
13419,126.98932082217722,37.56110903114014
13435,126.97719486051875,37.57039331712155
13451,126.97735641867065,37.570007551255706
13459,126.98060267076744,37.564024779982034
13460,126.98077452212931,37.56407537491971
13461,126.98090561092803,37.56404339732939
13603,127.00113981722251,37.56114363947055
13604,127.0009161539125,37.56111231172339
13605,127.0010299465755,37.56122585825653
13606,127.0009414655275,37.5615303971645
13607,127.0121968121974,37.55934054003405
13608,127.01224114504899,37.55939301465193
13609,127.0122985004855,37.55930321644108
13610,127.01098287981574,37.5611273965603
13620,127.0111442116571,37.56109288769666
13646,126.97935722266259,37.56834208780213
13654,126.97915726909999,37.567512547230905
13687,127.00045232877353,37.566882666803174
13757,126.97914399204521,37.568980084580055
13773,126.99291408092601,37.56862560123961
13774,126.99459411638219,37.568669264310714
13775,126.99423832383896,37.568702413714725
13779,126.9778684793689,37.56901103212055
13792,126.97839926158487,37.56939434423101
13793,127.00014487703427,37.56946856676134
13797,127.00180953348564,37.569762943614414
13805,126.98444305963653,37.568813496488296
13806,126.98399385952136,37.568891599397936
13807,126.99604734998876,37.56878502137329
13808,127.0022925338905,37.569787620926945
13811,127.0027675212815,37.56989351722706
13812,127.0033398357995,37.56989651828713
13813,127.01916727043441,37.57086147731529
13818,126.9830258157435,37.56902489291537
13819,126.98281403720725,37.56917197556176
13821,126.99698901333107,37.568943943343086
13822,126.99805996792043,37.56906289271292
13823,126.99940918350588,37.569381880570766
13836,127.00458747224668,37.56980855847872
13837,127.00998982327314,37.56994239090704
13838,127.01134496114818,37.57001519427388
13839,127.01265705422536,37.57001241700657
13842,127.00659271955098,37.569401930590935
13843,127.00663568580094,37.569820749300916
13844,127.0068069195619,37.56981569820638
13845,127.01735895615347,37.57050076008221
13846,127.01876472972918,37.57115558762222
13847,127.0189411617686,37.571244584690945
13848,127.01949577925045,37.57160120041478
13849,127.02026583966935,37.571938532055874
13850,126.99012985603558,37.56833639986617
13851,126.98959641156559,37.567955820496245
13853,127.01247293241373,37.56995629666076
13854,127.02122190963553,37.572161516911976
13861,126.98886096096248,37.568316942717225
13862,126.98785799686806,37.56827692949863
13864,126.9827522605696,37.5685928748831
13865,126.98257098920882,37.56906247556474
13867,127.0142039586877,37.56958645004552
13870,126.97987498360108,37.56886198286162
13871,127.01566145531099,37.569979117855716
13878,126.98098359147052,37.56915297639179
13882,127.01609611432639,37.57003861212345
13886,126.98742820420159,37.56829077327557
13887,126.9818646278288,37.56916058502186
13888,127.01880566588329,37.571247319937065
13889,127.01903522536304,37.57087130899107
13890,127.01922465186513,37.570970606882234
13895,126.98572803498165,37.568530483131944
13897,126.99061599476,37.56842777581682
13900,126.97928219115177,37.568845921345066
13909,126.97680687679072,37.56863815205412
13910,126.9768549335946,37.567992038992195
14035,126.97419074065891,37.56855545504388
14036,126.97413240689201,37.56861565034739
14050,126.97423717717577,37.56941061253404
14051,126.97448717658035,37.56942415767665
14052,126.97491995728437,37.56951704643936
14054,126.98678970938953,37.561526894767596
14090,126.97396357597607,37.56114668453871
14223,126.98700041722812,37.56086749112347
14225,126.98828019838868,37.56063041828079
14266,127.00199361414175,37.56809809315692
14268,127.00196728600079,37.568407327513455
14540,126.98085357387275,37.56070358762678
14555,126.9807098994371,37.56070620802214
14556,126.98025794356533,37.560728698473405
14557,126.98010945905249,37.56079540795594
14558,126.9800204531872,37.56070260978847
14559,126.98014053934642,37.560602846206905
14581,126.98012234516376,37.56070448640024
14582,126.98015300711621,37.56071285515147
14583,126.98038732944636,37.560661221635556
14591,126.9698929881369,37.562753597824255
14592,126.96986667913228,37.56285874317741
14597,126.98019349963448,37.56032118960711
14598,126.97996517689306,37.56026992965012
14673,127.00250469275358,37.55300026993742
14707,126.96379569921413,37.56130534520621
14772,127.0104395729349,37.56430130117317
14780,126.98529198369528,37.561571085435006
14791,127.01341958284476,37.568739571733474
14803,127.01572571288418,37.56938179267076
14804,127.01497925524183,37.56937544225503
14805,127.01426288925597,37.56936365019858
14854,126.97530001588655,37.55683458367767
14855,127.01568409333245,37.56624167067338
14881,126.97579938146293,37.56760933295297
14892,126.98250858964919,37.56751075979219
14901,126.97767758331759,37.560832550244584
14902,126.97900630235638,37.56458633226379
14904,126.97929516136846,37.56384779686917
14907,126.98279799016385,37.57044932104643
14908,126.98269867505691,37.56997984767279
14914,126.97676396972182,37.56082800178142
14918,126.97814302701953,37.56372311701469
14919,126.97783268240588,37.56392490138729
14930,126.98771312322214,37.56840505834685
14942,127.01550130749405,37.55705765962501
14943,127.01551786080395,37.556985343629115
14944,127.01598238098373,37.55775474173183
14945,127.01612884475092,37.55788749542697
14958,127.01868250317156,37.56553868205842
14959,126.98746389825122,37.558328539086965
14960,126.9829257059562,37.56753166412549
14961,127.00779385380524,37.56500009256402
14996,127.01085236381493,37.55662451442554
14997,127.00917473714594,37.55722399143066
15069,126.96949637267859,37.56326409707409
15070,126.96975303548784,37.56324588302328
15081,126.98025839447993,37.5612249182357
15082,126.9808347993777,37.5611943136495
15083,126.9809090503157,37.56125255359767
15153,127.00664237259927,37.570403551469724
15154,127.00684964771547,37.57035311650337
15155,127.00669855092485,37.570937028932136
15156,127.01166540055154,37.554003960685385
15168,126.97972037506734,37.563663108468546
15170,127.0118518070306,37.554366226279924
15171,127.0116739356969,37.55442081030656
15172,127.01189123160076,37.5548013133911
15173,127.01098176781511,37.55513521873043
15174,127.01117833488408,37.55548910113272
15175,127.01294868821873,37.55531408466944
15176,127.0132317761554,37.55555773258628
15177,127.01258268307721,37.55578584426988
15178,127.01250129259829,37.555838548417654
15185,126.9875425326552,37.56840748307673
15210,126.99832436221365,37.56449833056155
15211,126.99835220103412,37.56419352479177
15294,127.01564098921774,37.56086877342918
15295,127.01555693870384,37.560973577604265
15296,127.0155230126199,37.56083452677654
15314,127.01503283062905,37.55995322695759
15316,127.01543605453864,37.56095620311755
15326,127.01499920073512,37.56207377248909
15329,126.98325431288386,37.561308023620136
15330,126.98319678189422,37.561244702805425
15332,126.98308839563387,37.561290956281425
15336,126.9692958973684,37.56232648654961
15342,126.98315627174364,37.56134245796362
15343,126.98276949004922,37.56213380637935
15501,126.97082951438622,37.56076038721138
15502,126.97099997686509,37.56092156022768
15503,126.97164979315593,37.56114371824295
15504,126.9722154327643,37.5614003881619
15523,126.97247180389589,37.561326209858095
15571,126.97189786662594,37.56100631525429
15572,126.97240121585065,37.56030768351611
15573,126.97242576693516,37.56037632350404
15579,126.97943180338345,37.57128204223212
15580,126.97932792428128,37.57117734997024
15591,126.97265632899467,37.56007597359174
15594,126.9724580155959,37.5601316856816
15595,126.97236843146753,37.560221650904346
15627,126.96799039752962,37.55746753189149
15784,126.99610762138059,37.56643594676444
15969,127.0084795502079,37.56480393570463
15970,127.01030229298097,37.56201486224854
15971,127.01553283735173,37.56431627549422
15972,127.01549608380263,37.56420494342421
15973,127.01507543729882,37.56354697889182
16216,126.96289291041897,37.561667355942554
16217,126.96269701962538,37.5611672574137
16253,126.98850932745229,37.56531344301428
16254,126.98835729487357,37.56537224510699
16255,126.9889299608861,37.565321097603075
16256,126.98912441416702,37.565485377547965
16346,127.02224559475411,37.56129758333857
16347,127.02233015796615,37.56134012691279
16455,126.97982170665288,37.56697736963385
16456,126.97993854438195,37.566900203578165
16457,126.97986679897541,37.566852950391414
16458,126.97974653995307,37.56691834896114
16465,126.98306634666974,37.56636494139736
16466,126.9826831821304,37.566197626827154
16499,126.97983000206605,37.567422355043995
16500,126.97989649481654,37.56736864676972
16501,126.97983165115862,37.567300091031335
16502,126.98085937466612,37.56685541129453
16503,126.9807415815371,37.566826920271026
16504,126.98078282553959,37.56690497460191
16505,126.98065427792064,37.56686404953895
16506,126.98077357989376,37.56719769152395
16507,126.98047652325425,37.56684248492153
16518,127.01841871827243,37.56085686756979
16519,127.01769654723527,37.561416677872586
16520,127.01721841049181,37.561742988215165
16521,127.0169156954144,37.56127816000496
16522,127.01654632603967,37.5614611965586
16523,127.01642548427299,37.56142466336307
16526,126.98019265187382,37.56734437623291
16554,127.01539057463016,37.560365397483885
16555,127.01524288640437,37.560317189060214
16556,127.01584922633965,37.560076744455564
16557,127.01619822113712,37.55999695327644
16558,127.01626598143585,37.559868176475696
16559,127.01638855356678,37.559903191415316
16560,127.01633487927323,37.56003231642474
16561,127.01656413268967,37.56040210640648
16562,127.01674955415339,37.56071874236353
16563,127.01682297143282,37.56074323796808
16564,127.01733639105535,37.560810095248726
16565,127.01742872282705,37.560842430147375
16566,127.01736383074908,37.56073723761169
16567,127.0172988493736,37.560558819387175
16568,127.01585805935028,37.55941097693814
16569,126.98287533999496,37.55813781258263
16570,126.98227981929578,37.55802710447024
16571,126.9822096438909,37.55796679680187
16572,126.9821767571852,37.55805425680267
16573,126.98209505251563,37.55804025415015
16574,126.98148980926797,37.55794050344854
16575,126.98226684597192,37.55866593087204
16576,126.9821889772549,37.55864515685445
16577,126.98218333803084,37.558761111540164
16578,126.9821090823409,37.558682826679075
16596,127.01581426333968,37.55950154106671
16602,126.98130730481266,37.55852955530105
16605,127.01362329703986,37.55565002819764
16645,126.9766185461457,37.56998044639983
16646,126.97643315401464,37.5704291978111
16672,126.97515516861154,37.569518008436766
16683,126.9826748661512,37.565879831654385
16684,126.99005128167117,37.56422147549165
16685,126.98981418693056,37.56485762411735
16686,126.99002236008275,37.56470524299196
16692,126.98995670207475,37.56498910808924
16720,127.02120655167009,37.56574786899847
16724,126.97582775629824,37.5619011295665
16746,127.01710460306441,37.55926617349755
16803,127.01965452144343,37.56628236995246
16976,126.98573112443587,37.5693849318405
16977,126.98578487536439,37.56938415429043
16978,126.98575557786641,37.56956006007428
17093,126.98409087773878,37.560879807645556
17094,126.98423363449612,37.56061466542475
17140,127.01100390278232,37.57175267373962
17195,126.98320982965379,37.57041159510084
17233,126.9827731987065,37.57021274594691
17314,127.00697572719275,37.567009976775466
17315,127.0072071248498,37.56715207019986
17431,127.00988977723001,37.55547547439626
17546,127.01920086646393,37.57063996736273
17548,127.01953347636696,37.570481942241
17549,127.019406794082,37.57032244523619
17557,126.98832041118389,37.56032642957007
17558,126.98805144076768,37.55937533780273
17564,126.98788308228096,37.565306099513215
17565,126.98817099762746,37.565271176213024
17566,126.98972115378825,37.56583787862729
17567,127.01948762056155,37.5699893191912
17568,127.01957806415821,37.56859443583994
17569,126.9726415065005,37.56946794300083
17570,126.97282716487994,37.569396645936365
17571,126.97320318459892,37.569502477615565
17576,126.98747827005622,37.55891999908751
17577,126.9872925799729,37.55888649903601
17578,126.9873882045996,37.558442957329476
17579,126.98615167356047,37.55727884701475
17580,126.98487477388443,37.55651846282802
17589,127.01965166703746,37.56842855480219
17590,127.01967821389013,37.56922027476017
17591,127.01967177907171,37.56939754127001
17592,127.01951799223913,37.5695229465707
17593,127.01966004038674,37.56957966746821
17594,127.01963531444402,37.569809678503
17599,126.9990157649281,37.56889326616812
17605,127.02316682524922,37.57240638431298
17606,127.0232215884329,37.572594112927064
17611,127.01739303080399,37.5656034206788
17612,127.01862394208413,37.56574003094192
17618,127.01982726381043,37.57058966711574
17689,126.9831606053865,37.57021421272849
17691,126.98974613308485,37.57020046815863
17732,126.97602555897815,37.55850418076794
17787,126.98512587555675,37.5668351128875
18020,126.97667374644533,37.569083975797625
18073,126.98737512600576,37.57028770763831
18088,127.00392686086627,37.56985802298833
18091,127.00672813304409,37.56989674629835
18174,127.00916509605128,37.57115927824657
18285,127.0075154940103,37.564400119235025
18297,127.00670217382773,37.56436606432528
18330,126.98880322449092,37.57043437096923
18351,126.99706510312397,37.564367390678065
18448,126.99132090030335,37.56849732566064
18457,126.9997380059964,37.569444672304094
18458,127.0050443393311,37.5698658212817
18476,126.99945037792747,37.56683841577093
18477,127.00026477457823,37.56665744295328
18490,127.01408274515751,37.57003765017423
18593,126.97106711485125,37.56896056985406
18594,126.97155684869928,37.56900590860269
18595,126.97182022308435,37.5691003977235
18596,126.97236883885026,37.56932450887987
18597,126.97219326017364,37.56925266129087
18610,127.00379996719981,37.56427246111484
18691,126.98475760197667,37.56065154455121
18719,126.97658565874112,37.57040746626188
18720,126.97677087203671,37.57039310744639
18755,126.96795695277795,37.56401612226634
18827,126.99800911043845,37.5708220509783
18870,127.02576566455484,37.56548622921994
18871,127.02585613649586,37.566606106743606
18872,127.02593591612383,37.56544781931481
18933,126.99193860224995,37.5704456625222
19036,127.01221203981099,37.57209130578653
19037,127.01225106136926,37.571978670424656
19077,126.96569454968257,37.56115575723479
19197,126.99645275874919,37.57078686717678
19223,127.00974271166555,37.571618106308975
19238,127.01630367537446,37.56644435786013
19259,127.0088576963116,37.571063982516485
19273,127.01578955459452,37.57115911982031
19292,126.99275056204155,37.55669758840373
19299,127.0093556924528,37.569956618439626
19306,126.99323691940032,37.56146956383261
19307,127.00659199963795,37.5662472235216
19308,126.98786494043284,37.56447947427505
19309,127.00458193244424,37.56950905593175
19326,127.00236307453794,37.552960892332365
19330,127.00815665563478,37.56699499459146
19331,127.01095165262348,37.56835135152969
19333,127.00763896975346,37.566250115095634
19340,126.99261944763289,37.56655317885867
19341,126.9928694924158,37.56450539368301
19342,127.00366156500927,37.55538371357164
19361,126.97332282236354,37.562751225045275
19364,126.96918876684613,37.561918132567655
19365,126.97304645049722,37.56292934585852
19377,127.00237575933865,37.56294119570333
19394,127.02344164166186,37.56519967599543
19398,127.00788473585875,37.56614917858161
19399,127.00778926942299,37.565895837451365
19428,126.98815828672707,37.570227241053686
19435,127.01282015260958,37.56761702851403
19441,127.01274747710926,37.56772904498327
19453,126.98314126277002,37.57003609613668
19456,126.99266427357448,37.56620203359583
19467,127.00652645199358,37.569512393086086
19482,127.0110024416416,37.554664175759825
19496,126.99830225174374,37.56221986356892
19518,127.01197810054828,37.553471729607715
19524,127.01147058362882,37.5679530479824
19525,127.00993578211272,37.568693989767965
19532,127.01157884771266,37.56805025686139
19540,127.01150088521419,37.553755993285435
19549,126.99212215028719,37.570636803749316
19552,127.01171756878024,37.568055948517404
19554,127.00803903753385,37.56597653720107
19555,127.00762763860295,37.56605877785262
19558,127.02343031496397,37.565348697912725
19564,127.01256504454193,37.567716252749584
19568,126.98303551649902,37.565764758593374
19585,127.00673196320368,37.569520852105725
19596,127.00922596149303,37.55675423320673
19599,126.9901517384637,37.5680527006064
19605,127.00815726645003,37.566141254317266
19637,127.00884196917613,37.56557184708963
19638,127.0108435878787,37.568390621879
19645,126.97405754597654,37.55870023397068
19646,127.0024542438596,37.56687361339336
19654,127.00246588435378,37.56698374711426
19664,127.01232791251968,37.56666647224154
19665,127.0087343088594,37.56778424499167
19677,127.01238069685346,37.56804399263624
19692,127.01611115948671,37.5671060423807
19693,127.01622220961758,37.56720223924872
19697,127.01231010620322,37.56687060098238
19701,127.01223653545182,37.567800637793894
19719,126.99289588695228,37.56426033649562
19750,127.0024671829051,37.56675488174057
19756,126.96339738580122,37.561170641286694
19759,126.97387566934196,37.55880184198076
19761,126.99242654245514,37.56814353725661
19764,127.00835391862509,37.565691873789206
19767,127.00937730531031,37.56928312808866
19768,127.00814004555482,37.56574759162456
19775,126.9929018374588,37.56438595722383
19784,126.99569025972615,37.56160528428805
19791,127.00929522897688,37.56815694683544
19812,126.97107760487481,37.559588217671305
19829,127.01492838394961,37.562224717814225
19882,126.97477499862111,37.5708822836997
19884,126.9771973197651,37.56524188412757
19889,126.98412203486734,37.570345957118576
19894,127.00868329999085,37.56997841608867
19903,126.99306924332654,37.562810135815276
19925,126.97720521397433,37.56394229157642
19941,127.00855551621602,37.57098153642589
19960,127.00202916606496,37.56685468798248
19969,127.01082148188026,37.56476145081517
20108,127.01221404477508,37.568954882297334
20109,126.96403015802771,37.55499301114227
20110,127.00606297338172,37.55845223536797
20147,127.01532026811375,37.56048275399961
20173,126.96354948854055,37.55554003813336
20174,126.99325841257453,37.560352589541814
20175,126.99720090437785,37.562650292806836
20176,126.99727028509018,37.56274762442282
20177,126.99736985184127,37.56270971491727
20178,126.99728369663407,37.56260563129398
20179,126.99733708088326,37.56255474839552
20190,126.98004620780436,37.560204001842656
20230,126.99608811862353,37.55784509527691
20231,126.99876806760196,37.56101665416148
20325,126.98306753223324,37.571832967410096
20508,127.0061614816631,37.564554376379995
20656,126.96446170557844,37.560123372957754
20693,126.98929346573051,37.56132031444077
20701,127.00431849478669,37.566672866283966
20702,126.99820265011982,37.57049437445765
20703,127.01588941345626,37.57009917160485
20706,126.98751712945847,37.569590207654194
20710,127.01246461668062,37.56962794927401
20739,126.99291505032426,37.56437869259829
20747,126.98295342640091,37.57003410392205
20749,127.0067354266131,37.57132287471851
20797,126.99216811248313,37.5702977149118
20803,127.00749607661092,37.56590677523708
21010,127.00650378934385,37.5710524535414
21051,127.02346369151503,37.56951790301098
21052,127.01761348062577,37.570082163269035
21053,127.01814920516549,37.57033763497537
21056,127.01127204257982,37.56508077209062
21057,127.01394582281621,37.560782607878615
21058,127.00810528809833,37.558120069279795
21085,127.00290408648571,37.56208362675552
21086,127.00894080886343,37.55757351861961
21198,126.97816384877585,37.56711458990688
21285,126.99625661969434,37.564916561263416
21288,126.99625135142844,37.56499909718369
21289,126.99634463042558,37.56493932544229
21291,126.99776697607749,37.56972652209799
21322,126.98065238856645,37.566140216181125
21326,126.98791800674167,37.5696269397959
21327,126.9932525852342,37.560833756862905
21362,127.01623981358294,37.565571566685676
21488,126.97143112949091,37.55947909258343
21607,126.97663331811395,37.56396921144816
21616,127.0128331204987,37.558626771065484
21626,127.01617555499368,37.56519399482293
21627,126.97667670161073,37.564192309398464
21631,127.00323968846014,37.55657739564741
21642,126.9764848647522,37.56407054441556
21648,127.00441175372906,37.55651595094003
21669,126.97174745211784,37.559496694722874
21675,126.99027413329205,37.56008365788106
21709,126.98768240504104,37.570472558844784
21799,127.00920496527449,37.564499507256876
21812,126.97734524093659,37.57017035921572
21813,126.97661808603826,37.5701314866598
21816,126.96950618849598,37.56857741803998
21817,126.96889477206626,37.568067653820854
21880,126.979429576993,37.56926725934397
21881,126.97929446163134,37.569386270237366
21926,126.97368712571203,37.570153624942904
22022,127.00186920260815,37.56946007769377
22023,126.99254217918423,37.56823949727965
22040,127.01619857153119,37.56800268286144
22070,126.98783549567179,37.56614602495921
22075,126.97938614170792,37.566023071651365
22204,126.98322622237781,37.55662684571577
22205,126.99015575646509,37.56625102810111
22206,127.01245418587179,37.567889450948535
22228,126.98945354356543,37.56620362358872
22229,126.98241838249244,37.56602282697538
22231,127.00223801266308,37.566976788200435
22244,127.01079110085143,37.55460781431207
22246,127.01053039896364,37.55495267510972
22263,126.99244415247202,37.56636969688003
22264,127.01799247845398,37.56824210673605
22265,126.97620610592358,37.564030780526934
22274,126.97428399036852,37.56299185372971
22305,126.96947855717397,37.56241448237675
22321,126.98560667027711,37.56609336147232
22322,127.02199166406561,37.56813112608328
22323,127.01952147403202,37.56834724849267
22333,127.00149488455119,37.56934974843535
22334,127.00024552824233,37.569180709464874
22336,126.97600478918228,37.56067648231509
22337,126.98741041414594,37.567907990324265
22338,126.9874286543472,37.56798693515168
22346,126.98729677736553,37.56616853744303
22348,126.98235405638846,37.565822894494715
22349,127.01581890396461,37.568026549417304
22350,127.0122156631384,37.56793965306485
22351,127.00680770037361,37.566334952303556
22358,126.99649448406343,37.566444928079314
22360,126.99662248867386,37.56600329180194
22382,127.01567821185333,37.569644486235696
22383,127.00940100343172,37.56964057133103
22385,126.99228195574604,37.56822610195035
22386,126.98087511386055,37.5616949008924
22387,126.9878436788895,37.567980879146596
22388,126.98560912170932,37.56820941031102
22393,126.97995914004701,37.55928995951738
22394,127.01974449163306,37.56835409548879
22395,127.01384025242257,37.56803686454255
22396,127.01244117090482,37.567890018893564
22397,127.01263094855221,37.56790586672978
22414,127.00282915623349,37.56243089625234
22427,127.00696782451372,37.56418760897746
22520,126.97662653434422,37.57208881055197
22611,126.97688149608163,37.56666992689162
22620,127.01210205453016,37.55739845492332
22624,127.01149707241646,37.55631901177273
22747,126.9687293659265,37.55930898014743
22772,127.02324936653102,37.570420585523316
22778,127.0234968452644,37.56807153735294
22824,127.02329821247498,37.567957091838416
22974,126.9771984883746,37.55602768966623
22998,127.01221068603,37.569517095715796
23093,126.96878704129605,37.56039415817179
23094,126.96927446327979,37.559567869142185
23096,126.99850962938412,37.5620730261743
23097,126.98578443701737,37.566703210207265
23112,126.99641853797145,37.55974325221482
23113,126.9968237692393,37.560169066266994
23115,126.99818612145016,37.56131777068663
23147,126.9843848139379,37.566789518266766
23149,126.98435611595258,37.56764832095806
23162,126.9681967779941,37.56878932880605
23315,126.98569924775884,37.566776652177126
23316,126.99320181710601,37.56263960096885
23317,126.9982831536553,37.56328053152681
23318,127.00060953289875,37.56259646278288
23319,127.00082283554919,37.562924066335725
23320,127.01500240365849,37.56107250558905
23321,126.99593122931911,37.56444868235604
23322,126.99555747422853,37.564400111670594
23323,127.02294454687738,37.56347347584575
23324,126.98448025432599,37.56620012106004
23325,126.9844740708216,37.56671668305075
23380,126.98448016862784,37.56685140983306
23450,126.97854971404963,37.571579523226575
23451,126.97848884979388,37.57172176477064
23526,126.96846250852983,37.56856889225704
23540,126.96407244379635,37.55490468979061
23553,126.96282587690874,37.5614013303025
23580,126.96901991048964,37.568423419115184
23885,126.96844246893063,37.56846096426106
23945,126.97991721779098,37.57002471322164
24026,126.97681526901833,37.556238904652886
24032,127.01507791595043,37.561097767018545
24033,126.99575695461053,37.5664188320854
24034,126.98458523819492,37.566787115201834
24035,126.98314594234856,37.56697659430502
24049,126.96824279471767,37.56146578825117
24051,126.99703390634642,37.56026892672166
24053,126.98580221740241,37.56791757548948
24130,127.00027011764556,37.56676847508949
24204,127.02360316204866,37.57100106170596
24205,127.0235784592102,37.571113505147636
24206,127.02339680748652,37.57137952583269
24208,127.02324367461111,37.570582050437274
24209,127.02323878271497,37.57066408855616
24289,127.02321008702982,37.57203348040447
24328,126.99694148775568,37.56010398413843
24329,126.9982264840756,37.561143876667494
24330,126.98589220656264,37.5668135418843
24388,126.98578022554098,37.56626492770183
24389,126.98451777615216,37.56725692926742
24427,126.97989704566128,37.569325656438366
24543,126.96850241857338,37.56092384298276
24545,126.99801853978576,37.56110887262328
24546,126.9857981613258,37.56755286084988
24636,127.02320085309145,37.57138863010149
24679,126.97853337123553,37.57036969013197
24788,127.00220991494231,37.567763934837274
24803,127.00226212508089,37.56674322427882
24839,126.99364116647787,37.56114156161931
24841,126.99260643594793,37.561072942248956
24987,127.00910542508763,37.56837624865934
25017,127.01081933473826,37.56504841454003
25019,127.00295762338645,37.55927371783912
25034,126.97713145715221,37.56690449467675
25041,127.00677597233584,37.56398529507209
25073,126.98150015675323,37.56637662386864
25088,127.0023795226695,37.56315009636365
25105,126.977626581067,37.564963419229215
25117,127.02666710864749,37.56536438203122
25189,127.00262053704003,37.56302176589374
25194,126.98125106762357,37.559657045542515
25206,126.98302157791002,37.570390032285644
25246,127.00560438329317,37.55890703166835
25249,126.97697294542705,37.55759457100462
25263,126.96355814865566,37.561105467272505
25330,126.97041712356942,37.569319418489954
25331,126.97050430658325,37.56923843645822
25370,126.97765390944241,37.558102372754334
25371,126.98105145343392,37.56219597794735
25375,126.97863476902472,37.56516774688482
25376,126.97806628384234,37.56449711808276
25378,127.00991856018231,37.56552829206332
25382,127.00651207584086,37.562246459166914
25532,126.96344183404183,37.55553376035045
25569,127.02514075143054,37.565622768760015
25570,127.02494714660966,37.565727474072645
25572,127.02646705962245,37.56725778322291
25587,126.99421751219563,37.56139231554152
25627,127.02374451103921,37.567848004054284
25701,127.02505873804483,37.565583769853724
25704,127.02358175375157,37.56620986085245
25727,126.9899230869074,37.56105126894315
25728,126.99031282215766,37.56471326307628
25729,126.98902167253341,37.564680590159156
25733,127.01092531949371,37.55557747726728
25848,126.97493799779595,37.5607078257689
25850,126.97688551134692,37.56381983562888
25896,127.00738033546415,37.56406526530036
25908,126.98874609654057,37.561055309890335
25930,127.00715506683483,37.56406209816186
25931,126.98010617752878,37.55945856467926
25932,127.0073971444692,37.564224320459324
25984,127.02647862905525,37.56752034285584
25996,126.9979675336899,37.56880132721579
26002,126.98219177289388,37.56068188783371
26011,126.98157020932352,37.566153649654126
26116,126.97846865059563,37.57202986026591
26148,126.97373528848993,37.560079488424705
26227,127.0237180140638,37.56771360237928
26228,127.02660880612349,37.567886213144654
26229,127.02353298713864,37.567744216682016
26230,127.02374318789276,37.565796568152656
26231,127.02586578658853,37.567358259786836
26232,127.02440096280323,37.565718409849836
26233,127.02599117924674,37.56746634124965
26238,126.97660957004265,37.5638100807884
26240,127.02433540824332,37.565790447498266
26241,127.02585613384664,37.56601986590004
26242,127.02585563763557,37.5656039222087
26243,127.02362756707203,37.56533818060568
26327,127.00194786856464,37.57128902841938
26363,127.00346273445423,37.55521680214508
26364,127.00372080076893,37.55553240888277
26376,126.97588565380569,37.557185572359174
26435,126.97581018282557,37.55732873567971
26437,126.99533775785544,37.56427210682809
26438,127.00974232629785,37.56560815415684
26440,127.00962213620579,37.56546601517441
26441,127.00396622701832,37.56473301961643
26442,127.0064594046527,37.562455006528715
26446,126.9763400283504,37.56237734257382
26450,126.97716503738314,37.570020250360194
26451,126.97683932130978,37.570020053194376
26501,127.00734296750004,37.56537180258633
26509,126.98163525502227,37.56657906648786
26510,126.98157047577274,37.56670738851084
26511,126.9824917444067,37.56671851860579
26863,126.98080765522351,37.57131104390606
26864,126.98067510237973,37.571416435239406
26866,127.01370767483672,37.56011824658529
26947,126.97751001498291,37.55807235930057
26988,126.98238530850232,37.56626396035864
27008,126.97139068092834,37.569777184861586
27009,126.98169158192323,37.56671989130941
27060,126.96983896996346,37.56177276225578
27125,127.02649357517974,37.5678421988407
27126,127.02451703878751,37.56584334253665
27237,126.97777928034925,37.557995659544225
27238,126.97689287609107,37.55773461053249
27247,126.99278504959236,37.56639490837997
27249,126.98685136060045,37.565361979915615
27250,126.98676597251584,37.56531585976582
27265,127.00623147574777,37.56164383163328
27294,126.98231352905462,37.56047852509558
27391,127.00721387905878,37.56437435640367
27392,127.00763281963603,37.5649486884879
27421,126.9814943067381,37.56675572317733
27606,126.98080303829587,37.57116978549664
27607,126.98063370406952,37.571299275624135
27646,127.02585411357047,37.565216557818694
27648,127.02519071903113,37.56746796581839
27669,126.98108243951283,37.57053422316275
27743,127.02318781905616,37.57217631888775
27752,127.02334059397884,37.572866385697594
27825,127.02339727202951,37.57207928990057
27871,126.98740210113165,37.56537004553917
27872,127.01594577245476,37.56401518781251
27948,127.01540324773724,37.56300452991612
27951,126.99554056869967,37.5684042949394
27952,126.99515459482801,37.568373301070324
27953,126.98111197386233,37.56876467591874
27961,127.00167859932783,37.56465449560054
27964,126.9730764693633,37.559607360943474
27989,126.9985467390445,37.56437052070967
27999,126.9793938065457,37.568945273475045
28028,126.97975449117139,37.55939864268166
28033,127.00044886023683,37.56439100109299
28034,127.00249168687782,37.564481467931806
28108,126.96891391672169,37.559132623826024
28169,126.97552166179607,37.56075047040743
28197,126.9684640463516,37.56365506370723
28200,126.99596537308992,37.564171694005466
28201,126.99610483946795,37.56424577422137
28202,126.99917316163537,37.56440079766566
28203,127.00168740433226,37.56450312959281
28204,127.00216045214393,37.5646128983662
28205,127.00246685251787,37.564795280181855
28231,126.97061752976967,37.561077590965006
28427,127.02352403516957,37.57227323623387
28473,126.97661767240422,37.57026604368713
28480,127.0232748494865,37.57460384062106
28673,127.02222167262012,37.568031573967104
28674,127.02209435207037,37.56819080990575
28675,127.02093738484814,37.56819986320211
28676,127.02069029924385,37.5683617976829
28677,127.01841567642629,37.56836757057811
28678,127.0183941853276,37.56822240876581
28679,127.01787133694296,37.56815586526452
28680,127.0168276563303,37.568007452777614
28681,126.9982608228425,37.56341116272507
28697,126.97576798666839,37.560700007453995
28702,126.98712546194953,37.565413578408105
28704,126.98631029130335,37.566265195577515
28707,126.97055785690003,37.56115555549901
28710,126.97153475843905,37.55746230964625
28734,126.99743940294617,37.564386179979145
28735,126.99899438474878,37.56447304772607
28736,126.99905867420387,37.56433251783518
28737,127.00275464742971,37.56464744914698
29003,126.98542831036623,37.57024289902987
29191,127.00378053589426,37.57096598963515
29195,126.97914639816894,37.56622916540765
29210,127.0047840234613,37.57111322859051
29228,126.97734929085603,37.5703026924035
29229,126.98973127891676,37.57041163288953
29230,126.99802258070376,37.570676187871896
29249,127.00538440297608,37.57102925187133
29250,127.00538087055871,37.57115822281472
29267,126.98973892861945,37.5703038227148
29321,126.98200466993964,37.56055276647809
29378,126.97574403691307,37.55978769100438
29451,126.99815597193471,37.57105253483963
29472,126.97595632688235,37.5604994833401
29529,126.98615905341798,37.5701427408164
29530,127.00478743928804,37.57098433521742
29544,126.97913365422981,37.5702009815968
29563,126.98124410372472,37.570303623385584
29566,126.98737476612935,37.570155537933154
29578,126.98124465336947,37.57009134155309
29580,126.98542822211672,37.57011686888612
29596,126.98124466943888,37.57019592962053
29634,126.98615918235447,37.570268351413276
29668,127.00569605260631,37.571228760302866
29675,127.02358978747846,37.57130956212209
29706,127.00649663186368,37.57118253912685
29840,127.02324434723377,37.57150204252852
30005,127.01068944186154,37.555168329564076
30006,127.01060198913322,37.55517206924269
30007,127.0107814807366,37.55505964700469
30170,126.98111277169859,37.55926005842277
30171,126.97334560602535,37.56043677529137
30172,126.97351936064887,37.55782886491095
30315,127.01069640875785,37.554417248322345
30316,127.01059907890053,37.554420745208425
30317,127.00952680108797,37.55306556988654
30405,127.0072469415033,37.55842707280834
30428,126.97345193335772,37.56010987535618
30436,126.9650141033546,37.56004863461693
30437,126.96455488209486,37.5599184464704
30444,126.97341266204887,37.55827764741886
30533,127.00753717344186,37.550774819632316
30560,127.02530503004412,37.564952524376594
30561,127.02443704191718,37.56412383407431
30617,126.974323500428,37.56091523372649
30618,126.9728547289612,37.56097834361692
30675,126.97223272392883,37.56155143566881
30688,126.97553987004474,37.56302809234298
30689,126.96777578329869,37.5615855961891
30690,126.96571103002628,37.560308291589934
30750,126.9701079299132,37.56228982330471
30786,126.9792536408638,37.56805179770061
30787,126.97914355530456,37.56722388879624
30788,126.97737925292824,37.56704011658109
30789,126.98189151916735,37.56025806171021
30790,126.98294181660273,37.566046881519945
30791,126.99619354212533,37.56433969023946
30792,126.99635147358514,37.5650401223205
30795,126.97482834747397,37.56333757444526
30796,126.97552388586156,37.56276083344632
30798,126.99434516766871,37.56837487189289
30807,127.0057420404899,37.55926486729504
30808,127.00560965819777,37.560180382624296
30810,127.00559359424355,37.55909442358071
30812,127.00606225643202,37.55929625995303
30813,127.00606308216555,37.559034801155825
30863,126.99658808445207,37.56573932378076
30881,127.00585306464798,37.55887007703291
30882,127.00617154225824,37.558789617308406
30964,126.97388739071437,37.559792827143966
30965,126.97293475303735,37.55971834995026
30970,126.9641204231208,37.56180447568009
30978,127.021025713452,37.56825937353673
31190,126.98126469351573,37.55927912642879
31254,126.98554041196667,37.56025482239993
31264,126.97571207626363,37.56281323706286
31271,126.98901489686456,37.56142537999594
31272,127.01820484252394,37.56558898559959
31273,127.01809219844986,37.565685087047655
31274,127.0124903849889,37.56493041251183
31311,127.0159338158405,37.565317948538315
31312,127.02067682431544,37.56577934826496
31313,127.0164617541551,37.56542095222709
31314,127.01411874922292,37.56511685801237
31336,126.9876826450067,37.56443823598651
31337,126.98752924407331,37.56479680674604
31338,126.98760875443342,37.56600523865677
31339,126.98735191513013,37.56682719340428
31340,126.98763214587673,37.567899709013
31354,126.97355588101071,37.56292453587788
31494,127.02515049605438,37.567693508829876
31554,126.99660036264694,37.56559264467225
31555,126.99667633651678,37.565673911865964
31557,126.9973261501724,37.56571472132832
31559,126.99819995469474,37.56600509264135
31560,127.02420858488168,37.563527950153954
31561,126.9974380385247,37.56660878248563
31577,126.97399924281852,37.56101790878712
31596,126.99904070298084,37.56670277955917
31650,126.99762762653269,37.565776313100535
31652,126.99809586212587,37.5657650598422
31653,126.97558211928992,37.562824223198405
31682,126.96893129256527,37.55948674159916
31683,126.96902610274569,37.559314644085475
31684,127.01029662279805,37.554429736257816
31718,127.02427290252803,37.56418924583738
31806,126.96778328779308,37.56060278307674
31807,126.96883301212095,37.559018185654736
31808,126.96931344164868,37.55924596356826
31843,126.96762483120358,37.561362839860394
31845,126.96996263490331,37.5620832600368
31846,126.96870027701907,37.561954670829074
31848,126.96611159357009,37.560962309430586
31887,127.00733971423885,37.557802931200726
32028,127.02561626515643,37.56507145831948
32043,126.9837867126022,37.56071447035656
32099,126.98093932534711,37.56884549487809
32158,127.02385162730559,37.565141949864866
32191,126.98381274439907,37.55924949840721
32281,126.99722545029992,37.5643013087399
32321,126.99013712305064,37.5641207039172
32322,126.9902318463369,37.56404492252449
32323,126.99011879872789,37.56389893144421
32324,126.99021533098173,37.56374165462205
32325,126.99016633977625,37.563636337560496
32326,126.99031942015574,37.56357640059237
32327,126.99020397119217,37.563375965738004
32328,126.99037026604705,37.56318867499063
32329,126.99033825995714,37.5628600286798
32330,126.99028520112627,37.56278137425518
32331,126.99035670277279,37.562709597434605
32332,126.9903160777389,37.56244166345278
32383,126.9904664843104,37.562454311866105
32384,126.9904317523466,37.562143568281385
32385,126.99052713403731,37.562066714296975
32386,126.9903740390427,37.56205521538962
32387,126.99046661475097,37.561977581837425
32894,126.96747527571078,37.56129739710892
32949,126.98946450139131,37.55924085699384
33064,126.98491795956643,37.556410511796976
33260,126.96612406550038,37.56258744896136
34091,126.98997442411054,37.56486042537384
34092,126.98999729555901,37.564847313454074
34093,126.99015629942934,37.5648185245001
34134,126.96814418101121,37.55981768558405
34135,126.96783979693801,37.560867691822935
34136,126.9675996359463,37.56093970978654
34152,126.9904874844746,37.56130125954571
34153,126.99062429316294,37.56152980756234
34154,126.99060432542909,37.561279828420446
34351,126.96975582607571,37.563537717360674
34352,126.96984263742367,37.563483835232724
34353,126.96977219427247,37.56339389325083
34354,126.96967939093523,37.56343267637495
34355,126.96999172078762,37.56282059124235
34356,126.96992961202692,37.56283068597804
34357,126.96907991846157,37.563171803300996
34358,126.97948283419564,37.559465109445014
34359,126.97989271306346,37.559582391973876
34360,126.98018248304659,37.55972576023177
34361,126.97984475239618,37.55981480970263
34362,126.97679710328191,37.56178058573344
34363,126.97715472764246,37.561765790576004
34797,126.97100126874946,37.56347312953121
34798,126.9710359206119,37.56355985174056
34799,126.97064406177617,37.56413117018664
34800,126.969665954994,37.56364226882973
34801,126.97006373514336,37.56258129794195
34802,126.97950642411385,37.55983127917708
34803,126.97741238557265,37.561840018173996
35027,126.96524896216344,37.560897260249504
35356,127.00281844453069,37.56323953880474
35357,127.00030041777359,37.56447777557824
35358,127.00497619535228,37.56372534873672
35365,126.99886016844525,37.56230509129485
35471,127.02752776698385,37.56723007559448
35667,126.97390972192663,37.55763494296067
35668,126.97445797408218,37.557467301094306
35669,126.97455610542373,37.557419237059094
35670,126.97480386854303,37.55731759191894
35671,126.97534930145753,37.55762897898006
35672,126.9752076368331,37.557761879653434
35673,126.97491913439559,37.5581002639384
35674,126.97462585834255,37.55828074077599
35675,126.97453663714192,37.55828944616106
35676,126.97254401531967,37.56023638633525
35678,126.97932999684416,37.57021172103227
35681,126.99240775284774,37.56823124564483
35701,126.98953774674445,37.56764749271702
35871,126.9993198898225,37.570845379030935
35872,126.98963408674946,37.56715112201345
35873,126.98616949526406,37.5609258555886
35874,126.98754836807167,37.56633283144353
35875,126.98778338272416,37.56671138640594
35876,126.98782726873162,37.56715580703579
35893,127.02582915857805,37.567493187171515
35894,127.02584852100038,37.567486114736084
35895,127.02586702244756,37.567616377367145
35896,127.02567931327029,37.56751076650916
35970,126.97362530348042,37.5581545976025
36105,126.97920261841507,37.5669787093353
36135,126.98763797912395,37.56420066040601
36218,126.97413090328358,37.55851841185984
36261,126.99241800264855,37.56823008838561
36421,127.0079121330255,37.572374949208275
36502,127.02194476973627,37.572219160413994
36507,126.99342804646581,37.56443569253288
36509,127.00565141843357,37.564046902820536
36518,126.98788467806776,37.569116143227575
36590,127.01616423472407,37.56759738643263
36592,127.01578227626318,37.56885252381619
36600,126.99301628204009,37.562291831428006
36601,126.99220916968102,37.569097092354255
36602,126.99209471717687,37.57001665397947
36606,126.98824871934465,37.559834598579464
36613,126.99554188317933,37.5688261639662
36618,127.02353270005173,37.57194861361075
36680,126.97760563745237,37.56938262383876
36681,126.97756326062827,37.56907838637015
36682,126.97927223378764,37.56901011452433
36690,127.00273599346788,37.570880987552314
36692,126.99133489277712,37.5644605375532
36693,127.00552802671592,37.56053800123666
36705,127.02354362563719,37.57141835947704
36752,127.0093294859338,37.564383681334434
36756,126.98359368508707,37.56596533980576
36757,126.985512509345,37.56595484380843
36762,126.99299839048903,37.56241433521816
36763,127.00815646671714,37.5721025317153
36770,126.96855030469439,37.56320790037886
36825,126.99218069123323,37.569290116061275
36950,127.00371296440599,37.5633245064766
36951,127.00845184805152,37.56423399298217
36954,126.98966968761626,37.56758374937698
36959,126.97403359265327,37.56321436835338
36960,126.9725268635184,37.56281677233991
36966,127.00812227458343,37.55788003829258
37003,126.97465025178182,37.55818944515917
37020,127.02342141308418,37.5739917772564
37021,127.02342836613217,37.574509736124874
37022,127.00236220669105,37.56824886919541
37023,127.00239750623537,37.567828838128904
37025,127.00491066081327,37.5591915082911
37028,126.99200058896227,37.57083705776019
37029,126.99220401305676,37.57084099207671
37031,127.01786611579986,37.56829317292537
37035,127.01216114894947,37.55255196289023
37071,126.992368456923,37.56854660929807
37073,126.97933635645559,37.57019754611737
37090,126.97331628859789,37.557575400213636
37097,127.00853491165962,37.5645207383957
37101,126.98241105121532,37.5592132896013
37156,126.97935322659504,37.56792363191038
37157,126.98391150189657,37.560576774065424
37160,126.99508861142867,37.568789322879574
37174,126.97972741463555,37.563951733335806
37175,127.0062679261224,37.56200775602035
